<SKAdNetworkItems>
  <!-- Google -->
  <SKAdNetworkIdentifier>cstr6suwn9.skadnetwork</SKAdNetworkIdentifier>

  <!-- Third party buyers. See https://developers.google.com/admob/ios/3p-skadnetworks
    for more information. -->
  <SKAdNetworkIdentifier>4fzdc2evr5.skadnetwork</SKAdNetworkIdentifier>
  <SKAdNetworkIdentifier>2fnua5tdw4.skadnetwork</SKAdNetworkIdentifier>
  <SKAdNetworkIdentifier>ydx93a7ass.skadnetwork</SKAdNetworkIdentifier>
  <SKAdNetworkIdentifier>p78axxw29g.skadnetwork</SKAdNetworkIdentifier>
  <SKAdNetworkIdentifier>v72qych5uu.skadnetwork</SKAdNetworkIdentifier>
  <SKAdNetworkIdentifier>ludvb6z3bs.skadnetwork</SKAdNetworkIdentifier>
  <SKAdNetworkIdentifier>cp8zw746q7.skadnetwork</SKAdNetworkIdentifier>
  <SKAdNetworkIdentifier>3sh42y64q3.skadnetwork</SKAdNetworkIdentifier>
  <SKAdNetworkIdentifier>c6k4g5qg8m.skadnetwork</SKAdNetworkIdentifier>
  <SKAdNetworkIdentifier>s39g8k73mm.skadnetwork</SKAdNetworkIdentifier>
  <SKAdNetworkIdentifier>3qy4746246.skadnetwork</SKAdNetworkIdentifier>
  <SKAdNetworkIdentifier>hs6bdukanm.skadnetwork</SKAdNetworkIdentifier>
  <SKAdNetworkIdentifier>mlmmfzh3r3.skadnetwork</SKAdNetworkIdentifier>
  <SKAdNetworkIdentifier>v4nxqhlyqp.skadnetwork</SKAdNetworkIdentifier>
  <SKAdNetworkIdentifier>wzmmz9fp6w.skadnetwork</SKAdNetworkIdentifier>
  <SKAdNetworkIdentifier>su67r6k2v3.skadnetwork</SKAdNetworkIdentifier>
  <SKAdNetworkIdentifier>yclnxrl5pm.skadnetwork</SKAdNetworkIdentifier>
  <SKAdNetworkIdentifier>7ug5zh24hu.skadnetwork</SKAdNetworkIdentifier>
  <SKAdNetworkIdentifier>gta9lk7p23.skadnetwork</SKAdNetworkIdentifier>
  <SKAdNetworkIdentifier>vutu7akeur.skadnetwork</SKAdNetworkIdentifier>
  <SKAdNetworkIdentifier>y5ghdn5j9k.skadnetwork</SKAdNetworkIdentifier>
  <SKAdNetworkIdentifier>v9wttpbfk9.skadnetwork</SKAdNetworkIdentifier>
  <SKAdNetworkIdentifier>n38lu8286q.skadnetwork</SKAdNetworkIdentifier>
  <SKAdNetworkIdentifier>47vhws6wlr.skadnetwork</SKAdNetworkIdentifier>
  <SKAdNetworkIdentifier>kbd757ywx3.skadnetwork</SKAdNetworkIdentifier>
  <SKAdNetworkIdentifier>9t245vhmpl.skadnetwork</SKAdNetworkIdentifier>
  <SKAdNetworkIdentifier>a2p9lx4jpn.skadnetwork</SKAdNetworkIdentifier>
  <SKAdNetworkIdentifier>22mmun2rn5.skadnetwork</SKAdNetworkIdentifier>
  <SKAdNetworkIdentifier>4468km3ulz.skadnetwork</SKAdNetworkIdentifier>
  <SKAdNetworkIdentifier>2u9pt9hc89.skadnetwork</SKAdNetworkIdentifier>
  <SKAdNetworkIdentifier>8s468mfl3y.skadnetwork</SKAdNetworkIdentifier>
  <SKAdNetworkIdentifier>ppxm28t8ap.skadnetwork</SKAdNetworkIdentifier>
  <SKAdNetworkIdentifier>uw77j35x4d.skadnetwork</SKAdNetworkIdentifier>
  <SKAdNetworkIdentifier>pwa73g5rt2.skadnetwork</SKAdNetworkIdentifier>
  <SKAdNetworkIdentifier>578prtvx9j.skadnetwork</SKAdNetworkIdentifier>
  <SKAdNetworkIdentifier>4dzt52r2t5.skadnetwork</SKAdNetworkIdentifier>
  <SKAdNetworkIdentifier>Tl55sbb4fm.skadnetwork</SKAdNetworkIdentifier>
  <SKAdNetworkIdentifier>e5fvkxwrpn.skadnetwork</SKAdNetworkIdentifier>
  <SKAdNetworkIdentifier>8c4e2ghe7u.skadnetwork</SKAdNetworkIdentifier>
  <SKAdNetworkIdentifier>3rd42ekr43.skadnetwork</SKAdNetworkIdentifier>
  <SKAdNetworkIdentifier>3qcr597p9d.skadnetwork</SKAdNetworkIdentifier>
</SKAdNetworkItems>
